Workbook

Sheet Approche déterministe
B2: Demande
B3: Succursale | C3: Nacelle | D3: Chariot élévateur | E3: Excavatrice
B4: A | C4: 10 | D4: 5 | E4: 3
B5: B | C5: 8 | D5: 6 | E5: 4
B6: C | C6: 6 | D6: 4 | E6: 5
B7: D | C7: 9 | D7: 5 | E7: 2
B10: Succursale | C10: Position en X | D10: Position en Y | E10: Capacité
B11: A | C11: 10 | D11: 80 | E11: 20
B12: B | C12: 40 | D12: 70 | E12: 15
B13: C | C13: 80 | D13: 30 | E13: 18
B14: D | C14: 30 | D14: 10 | E14: 17
B16: Quantité totale
B17: Type | C17: Quantité
B18: Nacelle | C18: 30
B19: Chariot élévateur | C19: 25
B20: Excavatrice | C20: 20
B23: Coût de transport ($/km) = | D23: 0.55
B25: Coût de transport
B26: De/Vers | C26: A | D26: B | E26: C | F26: D
B27: A | D27: =C28 -> 17.392527 | E27: =C29 -> 47.312789 | F27: =C30 -> 40.040604
B28: B | C28: =(SQRT((C12-C11)^2 + (D12-D11)^2))*D23 -> 17.392527 | E28: =D29 -> 31.112698 | F28: =D30 -> 33.455194
B29: C | C29: =(SQRT((C13-C11)^2 + (D13-D11)^2))*D23 -> 47.312789 | D29: =(SQRT((C13-C12)^2 + (D13-D12)^2))*D23 -> 31.112698 | F29: =E30 -> 29.618406
B30: D | C30: =(SQRT((C14-C11)^2 + (D14-D11)^2))*D23 -> 40.040604 | D30: =(SQRT((C14-C12)^2 + (D14-D12)^2))*D23 -> 33.455194 | E30: =(SQRT((C14-C13)^2 + (D14-D13)^2))*D23 -> 29.618406
B33: Type | C33: Coût de rupture
B34: Nacelle | C34: 20
B35: Chariot élévateur | C35: 15
B36: Excavatrice | C36: 25

Sheet demande
A1: Succursales | B1: Machines | C1: Demande
A2: A | B2: Nacelle | C2: ='Approche déterministe'!C4 -> 10
A3: A | B3: Chariot élévateur | C3: ='Approche déterministe'!D4 -> 5
A4: A | B4: Excavatrice | C4: ='Approche déterministe'!E4 -> 3
A5: B | B5: Nacelle | C5: ='Approche déterministe'!C5 -> 8
A6: B | B6: Chariot élévateur | C6: ='Approche déterministe'!D5 -> 6
A7: B | B7: Excavatrice | C7: ='Approche déterministe'!E5 -> 4
A8: C | B8: Nacelle | C8: ='Approche déterministe'!C6 -> 6
A9: C | B9: Chariot élévateur | C9: ='Approche déterministe'!D6 -> 4
A10: C | B10: Excavatrice | C10: ='Approche déterministe'!E6 -> 5
A11: D | B11: Nacelle | C11: ='Approche déterministe'!C7 -> 9
A12: D | B12: Chariot élévateur | C12: ='Approche déterministe'!D7 -> 5
A13: D | B13: Excavatrice | C13: ='Approche déterministe'!E7 -> 2
A14: E | B14: Nacelle | C14: 9
A15: E | B15: Chariot élévateur | C15: 5
A16: E | B16: Excavatrice | C16: 3
A17: F | B17: Nacelle | C17: 7
A18: F | B18: Chariot élévateur | C18: 6
A19: F | B19: Excavatrice | C19: 4
A20: G | B20: Nacelle | C20: 8
A21: G | B21: Chariot élévateur | C21: 4
A22: G | B22: Excavatrice | C22: 2
A23: H | B23: Nacelle | C23: 10
A24: H | B24: Chariot élévateur | C24: 5
A25: H | B25: Excavatrice | C25: 3
... A43: N | B43: Excavatrice | C43: 3

Sheet cout_rupture
A1: Type | B1: Cout de rupture
A2: Nacelle | B2: 20
A3: Chariot élévateur | B3: 15
A4: Excavatrice | B4: 25

Sheet stock
A1: Type | B1: Quantite
A2: Nacelle | B2: 30
A3: Chariot élévateur | B3: 25
A4: Excavatrice | B4: 20

Sheet capacite
A1: Succursales | B1: Position en X | C1: Position en Y | D1: Capacite
A2: A | B2: 10 | C2: 80 | D2: 25
A3: B | B3: 40 | C3: 70 | D3: 8
A4: C | B4: 80 | C4: 30 | D4: 20
A5: D | B5: 30 | C5: 10 | D5: 7
A6: E | B6: 18 | C6: 20 | D6: 18
A7: F | B7: 20 | C7: 50 | D7: 20
A8: G | B8: 15 | C8: 70 | D8: 6
A9: H | B9: 17 | C9: 15 | D9: 17
A10: I | B10: 19 | C10: 60 | D10: 19
A11: J | B11: 20 | C11: 90 | D11: 9
A12: K | B12: 16 | C12: 25 | D12: 16
A13: L | B13: 18 | C13: 85 | D13: 18
... A15: N | B15: 19 | C15: 75 | D15: 19

Sheet cout_transport
A1: De/Vers | B1: A | C1: B | D1: C | E1: D | F1: E | G1: F | H1: G | I1: H | J1: I | K1: J | L1: K | M1: L | N1: M | O1: N
A2: A | C2: 17.392527 | D2: 47.312789 | E2: 40.040604
A3: B | B3: 17.392527 | D3: 31.112698 | E3: 33.455194
A4: C | B4: 47.312789 | C4: 31.112698 | E4: 29.618406
A5: D | B5: 40.040604 | C5: 33.455194 | D5: 29.618406
A6: E
A7: F
A8: G
A9: H
A10: I
A11: J
A12: K
A13: L
A14: M
A15: N

Sheet scenarios
A1: Succursales | B1: Machines | C1: Demande | D1: Scénario faible | E1: Scénario Moyen | F1: Scénario Élevé
A2: A | B2: Nacelle | C2: ='Approche déterministe'!C4 -> 10 | D2: =ROUND(C2*0.7,0) -> 7 | E2: =C2 -> 10 | F2: =ROUND(C2*1.3,0) -> 13
A3: A | B3: Chariot élévateur | C3: ='Approche déterministe'!D4 -> 5 | D3: =ROUND(C3*0.7,0) -> 4 | E3: =C3 -> 5 | F3: =ROUND(C3*1.3,0) -> 7
A4: A | B4: Excavatrice | C4: ='Approche déterministe'!E4 -> 3 | D4: =ROUND(C4*0.7,0) -> 2 | E4: =C4 -> 3 | F4: =ROUND(C4*1.3,0) -> 4
A5: B | B5: Nacelle | C5: ='Approche déterministe'!C5 -> 8 | D5: =ROUND(C5*0.7,0) -> 6 | E5: =C5 -> 8 | F5: =ROUND(C5*1.3,0) -> 10
A6: B | B6: Chariot élévateur | C6: ='Approche déterministe'!D5 -> 6 | D6: =ROUND(C6*0.7,0) -> 4 | E6: =C6 -> 6 | F6: =ROUND(C6*1.3,0) -> 8
A7: B | B7: Excavatrice | C7: ='Approche déterministe'!E5 -> 4 | D7: =ROUND(C7*0.7,0) -> 3 | E7: =C7 -> 4 | F7: =ROUND(C7*1.3,0) -> 5
A8: C | B8: Nacelle | C8: ='Approche déterministe'!C6 -> 6 | D8: =ROUND(C8*0.7,0) -> 4 | E8: =C8 -> 6 | F8: =ROUND(C8*1.3,0) -> 8
A9: C | B9: Chariot élévateur | C9: ='Approche déterministe'!D6 -> 4 | D9: =ROUND(C9*0.7,0) -> 3 | E9: =C9 -> 4 | F9: =ROUND(C9*1.3,0) -> 5
A10: C | B10: Excavatrice | C10: ='Approche déterministe'!E6 -> 5 | D10: =ROUND(C10*0.7,0) -> 4 | E10: =C10 -> 5 | F10: =ROUND(C10*1.3,0) -> 7
A11: D | B11: Nacelle | C11: ='Approche déterministe'!C7 -> 9 | D11: =ROUND(C11*0.7,0) -> 6 | E11: =C11 -> 9 | F11: =ROUND(C11*1.3,0) -> 12
A12: D | B12: Chariot élévateur | C12: ='Approche déterministe'!D7 -> 5 | D12: =ROUND(C12*0.7,0) -> 4 | E12: =C12 -> 5 | F12: =ROUND(C12*1.3,0) -> 7
A13: D | B13: Excavatrice | C13: ='Approche déterministe'!E7 -> 2 | D13: =ROUND(C13*0.7,0) -> 1 | E13: =C13 -> 2 | F13: =ROUND(C13*1.3,0) -> 3
D17: scenario | E17: Probabilite
D18: faible | E18: 0.25
D19: moyen | E19: 0.5
D20: eleve | E20: 0.25
